MD5,SHA1,FileNames
"6bad92a2fe5cc9a13fc7e45bb178874e","8c9d630d7190477b9c66eda42390a046376410ff","suspect_laptop.001\LAPTOP [NTFS]\[root]\$RECYCLE.BIN\S-1-5-21-1505183773-4133611102-3306715454-500\$I30"
"a526b9e7c716b3489d8cc062fbce4005","2df502a944ff721241be20a9e449d2acd07e0312","suspect_laptop.001\LAPTOP [NTFS]\[root]\$RECYCLE.BIN\S-1-5-21-1505183773-4133611102-3306715454-500\desktop.ini"
"1f6e8ff71e9aa12ccd61c666da9c49ef","694139ca70ea13d4ae0517de2416892ca053f63b","suspect_laptop.001\LAPTOP [NTFS]\[root]\$RECYCLE.BIN\S-1-5-21-1505183773-4133611102-3306715454-500\$IV5I2OG.docx"
"5d0f03de30899673ddd1d503fa477751","0ba31040b36baf500bdf5ccb08747328893a74b7","suspect_laptop.001\LAPTOP [NTFS]\[root]\$RECYCLE.BIN\S-1-5-21-1505183773-4133611102-3306715454-500\$IYSDLT7.pdf"
"16062cebcc9c704f6d99c189bb39a3a0","8e928598689d3d4df8fdc91423bda4c01a562f89","suspect_laptop.001\LAPTOP [NTFS]\[root]\$RECYCLE.BIN\S-1-5-21-1505183773-4133611102-3306715454-500\$IHI20K3.xlsx"
"7a116aaffe3dc9713014b90ef82a2d4f","00d3546bd7e1a6d6d6d33199b0633ad705ff2cb2","suspect_laptop.001\LAPTOP [NTFS]\[root]\$RECYCLE.BIN\S-1-5-21-1505183773-4133611102-3306715454-500\$IKVNS7O.jpg"
"c450149aa2407e265e5f9f183a84ecee","890e7610611d07ca0debd065a3b441215a69c5fa","suspect_laptop.001\LAPTOP [NTFS]\[root]\$RECYCLE.BIN\S-1-5-21-1505183773-4133611102-3306715454-500\$IXPW2K3.jpg"
"63c478b24a616e1420d9f22ba4351cd8","c4052d28d311dd599bd3ac77fa93f366d75006b9","suspect_laptop.001\LAPTOP [NTFS]\[root]\$RECYCLE.BIN\S-1-5-21-1505183773-4133611102-3306715454-500\$I7Z8HKY.jpg"
"439062047407262ceb8075028df1398d","59de2d25f4a722f56833448c69ce7a02837b0242","suspect_laptop.001\LAPTOP [NTFS]\[root]\$RECYCLE.BIN\S-1-5-21-1505183773-4133611102-3306715454-500\$IIHNHN1.docx"
"791ddf9e4fc1028782669ab31e94105c","8e69a3e322c02910a0791b56b319d3e2ec3faf56","suspect_laptop.001\LAPTOP [NTFS]\[root]\$RECYCLE.BIN\S-1-5-21-1505183773-4133611102-3306715454-500\$I5YPIY3.pdf"
"4a79e4cff0497cb6e40c0e1f52b0731f","6e0f914ae917ee411bd877d88f2c2edb6934823b","suspect_laptop.001\LAPTOP [NTFS]\[root]\$RECYCLE.BIN\S-1-5-21-1505183773-4133611102-3306715454-500\$IALTJGR.xlsx"
"c95f1b9334ab0f507e8f574945ac10bf","20164aacb33eecde559f18ad8cd7415b81346b65","suspect_laptop.001\LAPTOP [NTFS]\[root]\$RECYCLE.BIN\S-1-5-21-1505183773-4133611102-3306715454-500\$IYS7XWK.jpg"
"d8426b6afbdc2d58f5ed98226ee1ec99","b957a21516afe8f6e03a7f6e2ac6b4ca65707857","suspect_laptop.001\LAPTOP [NTFS]\[root]\$RECYCLE.BIN\S-1-5-21-1505183773-4133611102-3306715454-500\$RIHNHN1.docx"
"46e1f4b610bde92ac02aebefed005478","a5d5a78c93821ca9bab3ab8f56945c8de8180dfd","suspect_laptop.001\LAPTOP [NTFS]\[root]\$RECYCLE.BIN\S-1-5-21-1505183773-4133611102-3306715454-500\$RIHNHN1.docx\Zone.Identifier"
"5949eb3173260b2671ae21d5778bd7c5","a03cdf11ead1c7ff7a5432f3b2bfdb2151e7a32d","suspect_laptop.001\LAPTOP [NTFS]\[root]\$RECYCLE.BIN\S-1-5-21-1505183773-4133611102-3306715454-500\$R5YPIY3.pdf"
"46e1f4b610bde92ac02aebefed005478","a5d5a78c93821ca9bab3ab8f56945c8de8180dfd","suspect_laptop.001\LAPTOP [NTFS]\[root]\$RECYCLE.BIN\S-1-5-21-1505183773-4133611102-3306715454-500\$R5YPIY3.pdf\Zone.Identifier"
"9cf9867311cefb6e099f608fcfa11bfd","6ccd3e66e723ea8f41f6e82e7703e71125768182","suspect_laptop.001\LAPTOP [NTFS]\[root]\$RECYCLE.BIN\S-1-5-21-1505183773-4133611102-3306715454-500\$RALTJGR.xlsx"
"46e1f4b610bde92ac02aebefed005478","a5d5a78c93821ca9bab3ab8f56945c8de8180dfd","suspect_laptop.001\LAPTOP [NTFS]\[root]\$RECYCLE.BIN\S-1-5-21-1505183773-4133611102-3306715454-500\$RALTJGR.xlsx\Zone.Identifier"
"5923553ffa745ba98ff6ab5334a10006","4d748216936f5eb47b5dfd24a53c232ba6fe158f","suspect_laptop.001\LAPTOP [NTFS]\[root]\$RECYCLE.BIN\S-1-5-21-1505183773-4133611102-3306715454-500\$RYS7XWK.jpg"
"46e1f4b610bde92ac02aebefed005478","a5d5a78c93821ca9bab3ab8f56945c8de8180dfd","suspect_laptop.001\LAPTOP [NTFS]\[root]\$RECYCLE.BIN\S-1-5-21-1505183773-4133611102-3306715454-500\$RYS7XWK.jpg\Zone.Identifier"
"1815039d53d37e23afb4cdfceee243c5","db18d14e5829bf4fbb194b8e0bd385ac98f39f3d","suspect_laptop.001\LAPTOP [NTFS]\[root]\$RECYCLE.BIN\S-1-5-21-1505183773-4133611102-3306715454-500\$RV5I2OG.docx"
"46e1f4b610bde92ac02aebefed005478","a5d5a78c93821ca9bab3ab8f56945c8de8180dfd","suspect_laptop.001\LAPTOP [NTFS]\[root]\$RECYCLE.BIN\S-1-5-21-1505183773-4133611102-3306715454-500\$RV5I2OG.docx\Zone.Identifier"
"4978ad301e060fc4a3bbdb67c26fbb8b","29fe40166f7731c1f474f9ff7819bd9713bd89a3","suspect_laptop.001\LAPTOP [NTFS]\[root]\$RECYCLE.BIN\S-1-5-21-1505183773-4133611102-3306715454-500\$RYSDLT7.pdf"
"46e1f4b610bde92ac02aebefed005478","a5d5a78c93821ca9bab3ab8f56945c8de8180dfd","suspect_laptop.001\LAPTOP [NTFS]\[root]\$RECYCLE.BIN\S-1-5-21-1505183773-4133611102-3306715454-500\$RYSDLT7.pdf\Zone.Identifier"
"379c2efdf7afb9984b731a04334ca56f","60ad87c823329bdbcc20591b9ec79742f3ac1bd1","suspect_laptop.001\LAPTOP [NTFS]\[root]\$RECYCLE.BIN\S-1-5-21-1505183773-4133611102-3306715454-500\$RHI20K3.xlsx"
"46e1f4b610bde92ac02aebefed005478","a5d5a78c93821ca9bab3ab8f56945c8de8180dfd","suspect_laptop.001\LAPTOP [NTFS]\[root]\$RECYCLE.BIN\S-1-5-21-1505183773-4133611102-3306715454-500\$RHI20K3.xlsx\Zone.Identifier"
"615bf880ce2a957982a911caa4b1d54d","fab2f45e8be246004edcdf45cc1f0444af1e9639","suspect_laptop.001\LAPTOP [NTFS]\[root]\$RECYCLE.BIN\S-1-5-21-1505183773-4133611102-3306715454-500\$RKVNS7O.jpg"
"46e1f4b610bde92ac02aebefed005478","a5d5a78c93821ca9bab3ab8f56945c8de8180dfd","suspect_laptop.001\LAPTOP [NTFS]\[root]\$RECYCLE.BIN\S-1-5-21-1505183773-4133611102-3306715454-500\$RKVNS7O.jpg\Zone.Identifier"
"2c988bd2fc91b60d2e056d76d315b4a2","17ecf5460e4708c00a806a50359a7cd4ed5cb0ab","suspect_laptop.001\LAPTOP [NTFS]\[root]\$RECYCLE.BIN\S-1-5-21-1505183773-4133611102-3306715454-500\$RXPW2K3.jpg"
"46e1f4b610bde92ac02aebefed005478","a5d5a78c93821ca9bab3ab8f56945c8de8180dfd","suspect_laptop.001\LAPTOP [NTFS]\[root]\$RECYCLE.BIN\S-1-5-21-1505183773-4133611102-3306715454-500\$RXPW2K3.jpg\Zone.Identifier"
